Consulta,Termo de pesquisa,Seção,URL,Título,Resumo,Data
Teste DOU,portaria,DOU - Seção 1,http://www.in.gov.br/web/dou/-/ata-n-45-de-5-de-novembro-de-2025-668960737,"ATA Nº 45, DE 5 DE NOVEMBRO DE 2025","críticos e justificar o percentual de reclassificação tarifária adotado para as obras de acesso ao <span class='highlight' style='background:#FFA;'>Porto</span> ... Jose Essiomar Gomes da Silva (889.241.817-34); José Macena da Silva (173.759.757-87); João Batista <span class='highlight' style='background:#FFA;'>Porto</span> ... Meira (219.088/OAB-RJ), Andre Luis Santos Meira (25297/OAB-DF) e outros, representando João Batista <span class='highlight' style='background:#FFA;'>Porto</span> ... Órgão/Entidade: Superintendência Estadual do INSS - <span class='highlight' style='background:#FFA;'>Porto</span> Alegre/RS - INSS/MPS. 5. ... benefícios previdenciários no âmbito da gerência executiva do Instituto Nacional do Seguro Social de <span class='highlight' style='background:#FFA;'>Porto</span> ",14/11/2025
Teste DOU,portaria,DOU - Seção 1,http://www.in.gov.br/web/dou/-/pauta-de-julgamento-668960498,PAUTA DE JULGAMENTO,"transmitidos não atendam à duração e aos requisitos previstos, respectivamente, no art. 11, e no art. 12 da <span class='highlight' style='background:#FFA;'>Portaria</span> de julgamento dos recursos da 2ª Turma Ordinária da 1ª Câmara da 1ª Seção, em sessões síncronas presenciais ou híbridas a serem realizadas nas datas a seguir mencionadas, no Setor Comercial Sul, Quadra 01, Bloco J, Edifício Alv...",14/11/2025
Teste DOU,portaria,DOU - Seção 1,http://www.in.gov.br/web/dou/-/ato-declaratorio-executivo-drf/bhe/mg-n-157-de-13-de-novembro-de-2025-668960419,"ATO DECLARATÓRIO EXECUTIVO DRF/BHE/MG Nº 157, DE 13 DE NOVEMBRO DE 2025","do art. 299 do Regimento Interno da Secretaria Especial da Receita Federal do Brasil, aprovado pela <span class='highlight' style='background:#FFA;'>Portaria</span> ra a inscrição de Pessoa Jurídica no Registro Especial para engarrafador de bebidas alcoólicas. A DELEGADA ADJUNTA DA DELEGACIA DA RECEITA FEDERAL DO BRASIL EM BELO HORIZONTE/MG, no uso das atribuições que lhe conferem o inciso III do a...",14/11/2025
Teste DOU,portaria,DOU - Seção 1,http://www.in.gov.br/web/dou/-/deliberacao-n-1.217-de-23-de-outubro-de-2025-668960338,"DELIBERAÇÃO Nº 1.217, DE 23 DE OUTUBRO DE 2025","DELIBERAÇÃO Nº 1.217, DE 23 DE OUTUBRO DE 2025 Os Membros da Comissão Nacional de Segurança Pública nos <span class='highlight' style='background:#FFA;'>Portos</span> ... Oficial da União e os registros aplicáveis, informando a Comissão Estadual de Segurança Pública nos <span class='highlight' style='background:#FFA;'>Portos</span> ... ALVES DOS SANTOS JOÃO SIMÕES p/Ministério da Fazenda EDIGAR JUNIO DA SILVA MARTINS p/Ministério dos <span class='highlight' style='background:#FFA;'>Portos</span> ",14/11/2025
Teste DOU,portaria,DOU - Seção 1,http://www.in.gov.br/web/dou/-/despacho-sdl-anp-n-1.578-de-13-de-novembro-de-2025-668959923,"DESPACHO SDL-ANP Nº 1.578, DE 13 DE NOVEMBRO DE 2025","PETRÓLEO, GÁS NATURAL E BIOCOMBUSTÍVEIS - ANP, no uso das atribuições que lhe foram conferidas pela <span class='highlight' style='background:#FFA;'>Portaria</span> DESPACHO SDL-ANP Nº 1.578, DE 13 DE NOVEMBRO DE 2025 O SUPERINTENDENTE ADJUNTO DE DISTRIBUIÇÃO E LOGÍSTICA DA AGÊNCIA NACIONAL DO PETRÓLEO, GÁS NATURAL E BIOCOMBUSTÍVEIS - ANP, no uso das atribuições que lhe foram conferidas pela Portar...",14/11/2025
Teste DOU,portaria,DOU - Seção 1,http://www.in.gov.br/web/dou/-/resolucao-conter-n-13-de-12-de-novembro-de-2025-668959688,"RESOLUÇÃO CONTER Nº 13, DE 12 DE NOVEMBRO DE 2025","obtenção do Certificado de Proficiência em Língua Portuguesa para Estrangeiros (CELPE- BRAS), conforme <span class='highlight' style='background:#FFA;'>Portarias</span> põe Sobre A Inscrição dos Técnicos e Tecnólogos Em Radiologia Estrangeiros e Brasileiros Com Formação No Exterior - Revoga A Resolução Conter nº 06/2002 e Dá Outras Providências. O Conselho Nacional de Técnicos em Radiologia (CONTER...",14/11/2025
Teste DOU,portaria,DOU - Seção 1,http://www.in.gov.br/web/dou/-/pauta-de-julgamento-668959283,PAUTA DE JULGAMENTO,"transmitidos não atendam à duração e aos requisitos previstos, respectivamente, no art. 11, e no art. 12 da <span class='highlight' style='background:#FFA;'>Portaria</span> ... para o julgamento dos itens da coluna ITENS REPETITIVOS da tabela, nos termos do § 3º do art. 87 da <span class='highlight' style='background:#FFA;'>Portaria</span> Reunião de 24 a 27/11/2025 Pauta ordinária de julgamento d...",14/11/2025
Teste DOU,portaria,DOU - Seção 1,http://www.in.gov.br/web/dou/-/ato-declaratorio-executivo-eqben/deleben/srrf08/rfb-n-1.542-de-13-de-novembro-de-2025-668959204,"ATO DECLARATÓRIO EXECUTIVO EQBEN/DELEBEN/SRRF08ª/RFB Nº 1.542, DE 13 DE NOVEMBRO DE 2025","da Lei nº 10.593, de 6 de dezembro de 2002 (Redação dada pela Lei nº 11.457, de 2007), o art. 8º da <span class='highlight' style='background:#FFA;'>Portaria</span> ... RFB nº 372, de 26 de outubro de 2023, e os art. 2º e 4º da <span class='highlight' style='background:#FFA;'>Portaria</span> RFB nº 114, de 27 de janeiro de ... do art. 303 do Regimento Interno da Secretaria Especial da Receita Federal do Brasil, aprovado pela <span class='highlight' style='background:#FFA;'>Portaria</span> ",14/11/2025
Teste DOU,portaria,DOU - Seção 1,http://www.in.gov.br/web/dou/-/ato-declaratorio-executivo-alf/foz-n-6-de-13-de-novembro-de-2025-668959123,"ATO DECLARATÓRIO EXECUTIVO ALF/FOZ Nº 6, DE 13 DE NOVEMBRO DE 2025","artigos 298 e 360 do Regimento Interno da Secretaria Especial da Receita Federal do Brasil, aprovado pela <span class='highlight' style='background:#FFA;'>Portaria</span> da Ponte da Integração, na fronteira do Brasil com o Paraguai, em Foz do Iguaçu/PR. O DELEGADO DA ALFÂNDEGA DA RECEITA FEDERAL DO BRASIL EM FOZ DO IGUAÇU, no uso das atribuições que lhe conferem os artigos 298 e 360 do Regimento ...",14/11/2025
Teste DOU,portaria,DOU - Seção 1,http://www.in.gov.br/web/dou/-/despacho-n-3.343-de-11-de-novembro-de-2025-668958965,"DESPACHO Nº 3.343, DE 11 DE NOVEMBRO DE 2025","de Fiscalização Econômica, Financeira e de Mercado, de modo a revogar a autorização concedida pela <span class='highlight' style='background:#FFA;'>Portaria</span> e o que consta do Processo nº 48500.903454/2024-11, decide: por manter o Termo de Intimação nº 18/2025, lavrado pela Superintendência de Fiscalização Econômica, Financeira e de Mercado, de modo a revogar a autorização concedida pela Por...",14/11/2025
Teste DOU,portaria,DOU - Seção 1,http://www.in.gov.br/web/dou/-/resolucao-re-n-4.555-de-13-de-novembro-de-2025-668958728,"RESOLUÇÃO-RE Nº 4.555, DE 13 DE NOVEMBRO DE 2025","Empresa de Medicamentos e de Insumos Farmacêuticos, constante no anexo desta Resolução, de acordo com a <span class='highlight' style='background:#FFA;'>Portaria</span> do ao art. 203, I, §1° do Regimento Interno aprovado pela Resolução da Diretoria Colegiada - RDC n° 585, de 10 de dezembro de 2021, resolve: Art. 1º. Conceder Autorização Especial para Empresa de Medicamentos e de Insumos Farmacêuti...",14/11/2025
Teste DOU,portaria,DOU - Seção 1,http://www.in.gov.br/web/dou/-/resolucao-n-3-de-13-de-novembro-de-2025-668958408,"RESOLUÇÃO Nº 3, DE 13 DE NOVEMBRO DE 2025","NACIONAL DE SEGURANÇA ALIMENTAR E NUTRICIONAL, no uso das atribuições que lhe conferem o art. 11 da <span class='highlight' style='background:#FFA;'>Portaria</span> nº 192 de 02 de setembro de 2025, resolve: Art. 1º Ficam homologadas as adesões dos Bancos de Alimentos relacionados a seguir à Rede Brasileira de Bancos de Alimentos (RBBA). Nº UF MUNICÍPIO CLASSIFICAÇÃO CNPJ PROCESSO 1 SP São Manuel ...",14/11/2025
Teste DOU,portaria,DOU - Seção 1,http://www.in.gov.br/web/dou/-/pauta-de-julgamento-668958329,PAUTA DE JULGAMENTO,"transmitidos não atendam à duração e aos requisitos previstos, respectivamente, no art. 11, e no art. 12 da <span class='highlight' style='background:#FFA;'>Portaria</span> ... para o julgamento dos itens da coluna ITENS REPETITIVOS da tabela, nos termos do § 3º do art. 87 da <span class='highlight' style='background:#FFA;'>Portaria</span> Reunião de 24 a 27/11/2025 Pauta ordinária de julgamento d...",14/11/2025
Teste DOU,portaria,DOU - Seção 1,http://www.in.gov.br/web/dou/-/ato-declaratorio-executivo-eqben/deleben/srrf08/rfb-n-1.535-de-12-de-novembro-de-2025-668958250,"ATO DECLARATÓRIO EXECUTIVO EQBEN/DELEBEN/SRRF08ª/RFB Nº 1.535, DE 12 DE NOVEMBRO DE 2025","a Lei nº 10.593 de 6 de dezembro de 2002 com redação dada pela Lei nº 11.457, de 2007, o art. 8º da <span class='highlight' style='background:#FFA;'>Portaria</span> ... RFB nº 372, de 26 de outubro de 2023, e os arts. 2º e 4º da <span class='highlight' style='background:#FFA;'>Portaria</span> RFB nº 114, de 27 de janeiro de ... do art. 303 do Regimento Interno da Secretaria Especial da Receita Federal do Brasil, aprovado pela <span class='highlight' style='background:#FFA;'>Portaria</span> ... A Habilitação aqui concedida fica vinculada à <span class='highlight' style='background:#FFA;'>PORTARIA</span> SNTEP/MME Nº 2948, DE 22 DE MAIO DE 2025, MINISTÉRIO",14/11/2025
Teste DOU,portaria,DOU - Seção 1,http://www.in.gov.br/web/dou/-/ato-declaratorio-executivo-alf/cta-n-85-de-13-de-novembro-de-2025-668958169,"ATO DECLARATÓRIO EXECUTIVO ALF/CTA Nº 85, DE 13 DE NOVEMBRO DE 2025","O AUDITOR-FISCAL DA EQUIPE DE GESTÃO DE OPERADORES ECONÔMICOS AUTORIZADOS, instituída por meio da <span class='highlight' style='background:#FFA;'>Portaria</span> MF nº 430, de 9 de outubro de 2017, que aprovou o Regimento Interno da RFB, no uso da atribuição que lhe confere o art. 25 da Instrução Normativa RFB nº 2.154, de 26 de julho de 2023, e tendo em vista o que consta do requerimento de cert...",14/11/2025
Teste DOU,portaria,DOU - Seção 1,http://www.in.gov.br/web/dou/-/despachos-de-13-de-novembro-de-2025-668958090,DESPACHOS DE 13 DE NOVEMBRO DE 2025,"A COORDENADORA DE PROCESSOS MIGRATÓRIOS, no uso da competência delegada pela <span class='highlight' style='background:#FFA;'>Portaria</span> nº 623, de 13 de ... 623/2020; Art. 56 e Item 8, Anexo I da <span class='highlight' style='background:#FFA;'>Portaria</span> 623/2020; Art. 5º e Item 13, Anexo I da <span class='highlight' style='background:#FFA;'>Portaria</span> 623 ... /2020; §2º, art. 7º da <span class='highlight' style='background:#FFA;'>Portaria</span> nº 623 de 13 de novembro de 2020. ... 623/2020; Art. 56 e Item 8, Anexo I da <span class='highlight' style='background:#FFA;'>Portaria</span> 623/2020; Art. 5º e Item 13, Anexo I da <span class='highlight' style='background:#FFA;'>Portaria</span> 623 ... 623/2020; Art. 56 e Anexo II, item 8 da <span class='highlight' style='background:#FFA;'>Portaria</span> 623/2020.",14/11/2025
Teste DOU,portaria,DOU - Seção 1,http://www.in.gov.br/web/dou/-/pauta-de-julgamento-668957529,PAUTA DE JULGAMENTO,"transmitidos não atendam à duração e aos requisitos previstos, respectivamente, no art. 11, e no art. 12 da <span class='highlight' style='background:#FFA;'>Portaria</span> de julgamento dos recursos da 2ª Turma Ordinária da 2ª Câmara da 1ª Seção, em reunião assíncrona, realizada por meio do Plenário Virtual, com duração de 5 (cinco) dias, tendo início às 9h do dia 24/11/2025 e fim às 23h59min do ...",14/11/2025
Teste DOU,portaria,DOU - Seção 1,http://www.in.gov.br/web/dou/-/ato-declaratorio-executivo-eqben/deleben/srrf08/rfb-n-1.538-de-12-de-novembro-de-2025-668957450,"ATO DECLARATÓRIO EXECUTIVO EQBEN/DELEBEN/SRRF08ª/RFB Nº 1.538, DE 12 DE NOVEMBRO DE 2025","a Lei nº 10.593 de 6 de dezembro de 2002 com redação dada pela Lei nº 11.457, de 2007, o art. 8º da <span class='highlight' style='background:#FFA;'>Portaria</span> ... RFB nº 372, de 26 de outubro de 2023, e os arts. 2º e 4º da <span class='highlight' style='background:#FFA;'>Portaria</span> RFB nº 114, de 27 de janeiro de ... do art. 303 do Regimento Interno da Secretaria Especial da Receita Federal do Brasil, aprovado pela <span class='highlight' style='background:#FFA;'>Portaria</span> ... A Habilitação aqui concedida fica vinculada à <span class='highlight' style='background:#FFA;'>PORTARIA</span> SNTEP/MME Nº 2948, DE 22 DE MAIO DE 2025, MINISTÉRIO",14/11/2025
Teste DOU,portaria,DOU - Seção 1,http://www.in.gov.br/web/dou/-/deliberacao-n-1.224-de-23-de-outubro-de-2025-668957290,"DELIBERAÇÃO Nº 1.224, DE 23 DE OUTUBRO DE 2025","DELIBERAÇÃO Nº 1.224, DE 23 DE OUTUBRO DE 2025 Os Membros da Comissão Nacional de Segurança Pública nos <span class='highlight' style='background:#FFA;'>Portos</span> ... Oficial da União e os registros aplicáveis, informando a Comissão Estadual de Segurança Pública nos <span class='highlight' style='background:#FFA;'>Portos</span> ... ALVES DOS SANTOS JOÃO SIMÕES p/Ministério da Fazenda EDIGAR JUNIO DA SILVA MARTINS p/Ministério dos <span class='highlight' style='background:#FFA;'>Portos</span> ",14/11/2025
Teste DOU,portaria,DOU - Seção 1,http://www.in.gov.br/web/dou/-/despacho-n-3.329-de-12-de-novembro-de-2025-668957211,"DESPACHO Nº 3.329, DE 12 DE NOVEMBRO DE 2025","SERVIÇOS DE ENERGIA ELÉTRICA DA AGÊNCIA NACIONAL DE ENERGIA ELÉTRICA - ANEEL, nos termos do art. 3º da <span class='highlight' style='background:#FFA;'>Portaria</span> rt. 3º da Portaria nº 6.836, de 21 de junho de 2023, e considerando o que consta do Processo nº 48500.034345/2025-19, decide: liberar a unidade geradora UG2, de 4.500,00 kW, da EOL Ventos de São Rafael 06, Código Único de Empreendime...",14/11/2025
Teste DOU,portaria,DOU - Seção 1,http://www.in.gov.br/web/dou/-/pauta-de-julgamento-668956634,PAUTA DE JULGAMENTO,"transmitidos não atendam à duração e aos requisitos previstos, respectivamente, no art. 11, e no art. 12 da <span class='highlight' style='background:#FFA;'>Portaria</span> de julgamento dos recursos da 2ª Turma Ordinária da 2ª Câmara da 1ª Seção, em sessões síncronas presenciais ou híbridas a serem realizadas nas datas a seguir mencionadas, no Setor Comercial Sul, Quadra 01, Bloco J, Edifício Alv...",14/11/2025
Teste DOU,portaria,DOU - Seção 1,http://www.in.gov.br/web/dou/-/despacho-n-3.366-de-13-de-novembro-de-2025-668956474,"DESPACHO Nº 3.366, DE 13 DE NOVEMBRO DE 2025","SERVIÇOS DE ENERGIA ELÉTRICA DA AGÊNCIA NACIONAL DE ENERGIA ELÉTRICA - ANEEL, nos termos do art. 3º da <span class='highlight' style='background:#FFA;'>Portaria</span> rt. 3º da Portaria nº 6.836, de 21 de junho de 2023, e considerando o que consta do Processo nº 48500.034703/2025-93, decide: Liberar as unidades geradoras UG1 a UG90 de 277,78 kW cada, totalizando 25.000,00 kW de capacidade instalad...",14/11/2025
Teste DOU,portaria,DOU - Seção 1,http://www.in.gov.br/web/dou/-/portaria-stj/gp-n-827-de-6-de-novembro-de-2025-668956235,"<span class='highlight' style='background:#FFA;'>Portaria</span> STJ/GP Nº 827, DE 6 DE novembro DE 2025"," <span class='highlight' style='background:#FFA;'>Portaria</span> STJ/GP Nº 827, DE 6 DE novembro DE 2025 O PRESIDENTE DO SUPERIOR TRIBUNAL DE JUSTIÇA, no uso ... da atribuição conferida pelo art. 21, XXXI, do Regimento Interno e com base no disposto na <span class='highlight' style='background:#FFA;'>Portaria</span> ... Art. 2º Esta <span class='highlight' style='background:#FFA;'>portaria</span> entra em vigor na data de sua publicação. Min. HERMAN BENJAMIN",14/11/2025
Teste DOU,portaria,DOU - Seção 1,http://www.in.gov.br/web/dou/-/portaria-n-19.557-de-12-de-novembro-de-2025-668956156,"<span class='highlight' style='background:#FFA;'>PORTARIA</span> Nº 19.557, DE 12 DE NOVEMBRO DE 2025",Art. 2º Esta <span class='highlight' style='background:#FFA;'>Portaria</span> entra em vigor na data de sua publicação. ... Art. 2º Esta <span class='highlight' style='background:#FFA;'>Portaria</span> entra em vigor na data de sua publicação. ... Art. 2º Esta <span class='highlight' style='background:#FFA;'>Portaria</span> entra em vigor na data de sua publicação. ... Art. 2º Esta <span class='highlight' style='background:#FFA;'>Portaria</span> entra em vigor na data de sua publicação. ... Art. 2º Esta <span class='highlight' style='background:#FFA;'>Portaria</span> entra em vigor na data de sua publicação.,14/11/2025
Teste DOU,portaria,DOU - Seção 1,http://www.in.gov.br/web/dou/-/deliberacao-n-1.225-de-23-de-outubro-de-2025-668955884,"DELIBERAÇÃO Nº 1.225, DE 23 DE OUTUBRO DE 2025","DELIBERAÇÃO Nº 1.225, DE 23 DE OUTUBRO DE 2025 Os Membros da Comissão Nacional de Segurança Pública nos <span class='highlight' style='background:#FFA;'>Portos</span> ... Internacional (CCA-IMO), perante o Ministério da Defesa/Marinha do Brasil, à Secretaria Nacional de <span class='highlight' style='background:#FFA;'>Portos</span> ... , à Secretaria Especial da Receita Federal do Brasil e à Comissão Estadual de Segurança Pública nos <span class='highlight' style='background:#FFA;'>Portos</span> ... ALVES DOS SANTOS JOÃO SIMÕES p/Ministério da Fazenda EDIGAR JUNIO DA SILVA MARTINS p/Ministério dos <span class='highlight' style='background:#FFA;'>Portos</span> ",14/11/2025
Teste DOU,portaria,DOU - Seção 1,http://www.in.gov.br/web/dou/-/despacho-n-3.328-de-12-de-novembro-de-2025-668955557,"DESPACHO Nº 3.328, DE 12 DE NOVEMBRO DE 2025","SERVIÇOS DE ENERGIA ELÉTRICA DA AGÊNCIA NACIONAL DE ENERGIA ELÉTRICA - ANEEL, nos termos do art. 3º da <span class='highlight' style='background:#FFA;'>Portaria</span> rt. 3º da Portaria nº 6.836, de 21 de junho de 2023, e considerando o que consta do Processo nº 48500.034425/2025-74, decide: liberar a unidade geradora UG1 a UG150 de 288,60 kW cada, totalizando 43.290,00 kW de capacidade instalada ...",14/11/2025
Teste DOU,portaria,DOU - Seção 1,http://www.in.gov.br/web/dou/-/despacho-n-3.365-de-13-de-novembro-de-2025-668955478,"DESPACHO Nº 3.365, DE 13 DE NOVEMBRO DE 2025","SERVIÇOS DE ENERGIA ELÉTRICA DA AGÊNCIA NACIONAL DE ENERGIA ELÉTRICA - ANEEL, nos termos do art. 3º da <span class='highlight' style='background:#FFA;'>Portaria</span> rt. 3º da Portaria nº 6.836, de 21 de junho de 2023, e considerando o que consta do Processo nº 48500.034591/2025-71, decide: Liberar a unidade geradora UG3, de 4.500,00 kW, da EOL Ventos de São Rafael 06, Código Único de Empreendime...",14/11/2025
Teste DOU,portaria,DOU - Seção 1,http://www.in.gov.br/web/dou/-/deliberacao-pas-n-31/grebl/sfc-de-24-de-setembro-de-2025-668955160,"DELIBERAÇÃO PAS Nº 31/GREBL/SFC, DE 24 DE SETEMBRO DE 2025","Fiscalizado: COMPANHIA DE <span class='highlight' style='background:#FFA;'>PORTOS</span> E HIDROVIAS DO ESTADO DO PARÁ - CPH, CNPJ: 05.452.160/0001-95. ... do processo, decide: pela SUBSISTÊNCIA do Auto de Infração nº 0057827, em desfavor da COMPANHIA DE <span class='highlight' style='background:#FFA;'>PORTOS</span> E HIDROVIAS DO ESTADO DO PARÁ - CPH, CNPJ: 05.452.160/0001-95. Objeto e Fundamento...",14/11/2025
Teste DOU,portaria,DOU - Seção 1,http://www.in.gov.br/web/dou/-/resolucao-cro-go-n-4-de-8-de-outubro-de-2025-668955081,"RESOLUÇÃO CRO-GO nº 4, DE 8 DE OUTUBRO DE 2025","Fica revogada a <span class='highlight' style='background:#FFA;'>Portaria</span> CRO-GO n. 57/2019, que institui o Regime Disciplinar dos Empregados Públicos servidores do Conselho Regional de Odontologia do Estado de Goiás e dá outras providências. O presidente do Conselho Regional de Odontologia do Estado de Goiás, no uso das suas atribuições regimentais, e conforme a deliberação adotada na 991ª...",14/11/2025
Teste DOU,portaria,DOU - Seção 1,http://www.in.gov.br/web/dou/-/despachos-do-presidente-da-republica-668955002,DESPACHOS DO PRESIDENTE DA REPÚBLICA,"Encaminhamento ao Congresso Nacional à apreciação do ato constante da <span class='highlight' style='background:#FFA;'>Portaria</span> nº 3.842, de 28 de setembro ... Encaminhamento ao Congresso Nacional à apreciação do ato constante da <span class='highlight' style='background:#FFA;'>Portaria</span> nº 14.192, de 13 de agosto ... Encaminhamento ao Congresso Nacional à apreciação do ato constante da <span class='highlight' style='background:#FFA;'>Portaria</span> nº 12.846, de 5 de abril ... Encaminhamento ao Congresso Nacional à apreciação do ato constante da <span class='highlight' style='background:#FFA;'>Portaria</span> nº 11.459, de 6 de dezembro ... Encaminhamento ao Congresso Nacional à apreciação do ato constante da <span class='highlight' style='background:#FFA;'>Portaria</span> nº 19.457, de 19 de agosto",14/11/2025
Teste DOU,portaria,DOU - Seção 1,http://www.in.gov.br/web/dou/-/pauta-de-julgamento-668954686,PAUTA DE JULGAMENTO,"transmitidos não atendam à duração e aos requisitos previstos, respectivamente, no art. 11, e no art. 12 da <span class='highlight' style='background:#FFA;'>Portaria</span> de julgamento dos recursos da 1ª Turma Ordinária da 3ª Câmara da 1ª Seção, em sessões síncronas presenciais ou híbridas a serem realizadas nas datas a seguir mencionadas, no Setor Comercial Sul, Quadra 01, Bloco J, Edifício Alv...",14/11/2025
Teste DOU,portaria,DOU - Seção 1,http://www.in.gov.br/web/dou/-/despacho-n-3.363-de-13-de-novembro-de-2025-668954602,"DESPACHO Nº 3.363, DE 13 DE NOVEMBRO DE 2025","SERVIÇOS DE ENERGIA ELÉTRICA DA AGÊNCIA NACIONAL DE ENERGIA ELÉTRICA - ANEEL, nos termos do art. 3º da <span class='highlight' style='background:#FFA;'>Portaria</span> rt. 3º da Portaria nº 6.836, de 21 de junho de 2023, e considerando o que consta do Processo nº 48500.034444/2025-09, decide: Liberar a unidade geradora UG1, de 216,30 kW, da UFV Supermercado Jepsen - Matriz, Código Único de Empreend...",14/11/2025
Teste DOU,portaria,DOU - Seção 1,http://www.in.gov.br/web/dou/-/resolucao-cofen-n-796-de-11-de-novembro-de-2025-668953916,RESOLUÇÃO COFEN Nº 796 DE 11 DE NOVEMBRO DE 2025,"Interno e o Manual da Ouvidoria-Geral do Sistema Cofen/Conselhos Regionais, instituído por meio da <span class='highlight' style='background:#FFA;'>Portaria</span> nual Nacional das Ouvidorias do Sistema Cofen/Conselhos Regionais de Enfermagem, normatizando sua estrutura organizacional, competências, funcionamento e procedimentos operacionais. O CONSELHO FEDERAL DE ENFERMAGEM - COFEN, no uso das at...",14/11/2025
Teste DOU,portaria,DOU - Seção 1,http://www.in.gov.br/web/dou/-/circular-n-90-de-13-de-novembro-de-2025-668953620,"CIRCULAR Nº 90, DE 13 DE NOVEMBRO DE 2025","Informo que, de acordo com a <span class='highlight' style='background:#FFA;'>Portaria</span> SECEX nº 162, de 06 de janeiro de 2022, a participação das partes ... De acordo com o disposto na mencionada <span class='highlight' style='background:#FFA;'>Portaria</span> e nos termos do art. 17 da Lei nº 12.995, de 18 de junho ... representantes legais que não estejam habilitados somente será admitida nas hipóteses previstas na <span class='highlight' style='background:#FFA;'>Portaria</span> ... , de 16 de outubro de 1998, publicada no DOU, de 19 de outubro de 1998, e foi encerrada por meio da <span class='highlight' style='background:#FFA;'>Portaria</span> ... industriais diversos como siderurgia na condução de gases, combustíveis e lubrificantes, aeroportos e <span class='highlight' style='background:#FFA;'>portos</span> ",14/11/2025
Teste DOU,portaria,DOU - Seção 1,http://www.in.gov.br/web/dou/-/resolucao-cdr-n-37-de-12-de-novembro-de-2025-668953301,"RESOLUÇÃO - CDR Nº 37, DE 12 DE NOVEMBRO DE 2025","/09/2024, combinado com os Incisos I e III do Art. 142 do Regimento Interno do Incra, aprovado pela <span class='highlight' style='background:#FFA;'>Portaria</span> ... Autorizar o Superintendente Regional, em consequência, baixar <span class='highlight' style='background:#FFA;'>Portaria</span> de que trata o Art. 1º do DecretoRESOLUÇÃO - CDR Nº 37, DE 12 DE NOVEMBRO DE 2025 Autoriza a aquisição d...",14/11/2025
Teste DOU,portaria,DOU - Seção 1,http://www.in.gov.br/web/dou/-/resolucao-cdr-n-41-de-12-de-novembro-de-2025-668953224,"RESOLUÇÃO - CDR Nº 41, DE 12 DE NOVEMBRO DE 2025","União de 10/09/2024, combinado com o Inciso I do Art. 142 do Regimento Interno do Incra, aprovado pela <span class='highlight' style='background:#FFA;'>Portaria</span> s Gonçalves de Meura, localizado no município de Carlópolis/PR. O COMITÊ DE DECISÃO REGIONAL DA SUPERINTENDÊNCIA DO INCRA NO ESTADO DO PARANÁ - SR(09)PR-CDR, órgão colegiado definido na estrutura organizacional do Incra, por seu Coor...",14/11/2025
Teste DOU,portaria,DOU - Seção 1,http://www.in.gov.br/web/dou/-/pauta-de-julgamento-668953062,PAUTA DE JULGAMENTO,"transmitidos não atendam à duração e aos requisitos previstos, respectivamente, no art. 11, e no art. 12 da <span class='highlight' style='background:#FFA;'>Portaria</span> de julgamento dos recursos da 2ª Turma Ordinária da 3ª Câmara da 1ª Seção, em sessões síncronas não presenciais a serem realizadas nas datas a seguir mencionadas. OBSERVAÇÕES: 1) Solicitações ou envios de sustentação oral e mem...",14/11/2025
Teste DOU,portaria,DOU - Seção 1,http://www.in.gov.br/web/dou/-/ato-declaratorio-executivo-eqben/deleben/srrf08/rfb-n-1.534-de-12-de-novembro-de-2025-668952985,"ATO DECLARATÓRIO EXECUTIVO EQBEN/DELEBEN/SRRF08ª/RFB Nº 1.534, DE 12 DE NOVEMBRO DE 2025","a Lei nº 10.593 de 6 de dezembro de 2002 com redação dada pela Lei nº 11.457, de 2007, o art. 8º da <span class='highlight' style='background:#FFA;'>Portaria</span> ... RFB nº 372, de 26 de outubro de 2023, e os arts. 2º e 4º da <span class='highlight' style='background:#FFA;'>Portaria</span> RFB nº 114, de 27 de janeiro de ... do art. 303 do Regimento Interno da Secretaria Especial da Receita Federal do Brasil, aprovado pela <span class='highlight' style='background:#FFA;'>Portaria</span> ... A Habilitação aqui concedida fica vinculada à <span class='highlight' style='background:#FFA;'>PORTARIA</span> SNTEP/MME Nº 2948, DE 22 DE MAIO DE 2025, MINISTÉRIO",14/11/2025
Teste DOU,portaria,DOU - Seção 1,http://www.in.gov.br/web/dou/-/despacho-n-3.368-de-13-de-novembro-de-2025-668952904,"DESPACHO Nº 3.368, DE 13 DE NOVEMBRO DE 2025","SERVIÇOS DE ENERGIA ELÉTRICA DA AGÊNCIA NACIONAL DE ENERGIA ELÉTRICA - ANEEL, nos termos do art. 3º da <span class='highlight' style='background:#FFA;'>Portaria</span> rt. 3º da Portaria nº 6.836, de 21 de junho de 2023, e considerando o que consta do Processo nº 48500.034704/2025-38, decide: Liberar as unidades geradoras UG1 a UG90 de 277,78 kW cada, totalizando 25.000,00 kW de capacidade instalad...",14/11/2025
Teste DOU,portaria,DOU - Seção 1,http://www.in.gov.br/web/dou/-/ato-declaratorio-executivo-eqben/deleben/srrf08/rfb-n-1.536-de-12-de-novembro-de-2025-668952431,"ATO DECLARATÓRIO EXECUTIVO EQBEN/DELEBEN/SRRF08ª/RFB Nº 1.536, DE 12 DE NOVEMBRO DE 2025","a Lei nº 10.593 de 6 de dezembro de 2002 com redação dada pela Lei nº 11.457, de 2007, o art. 8º da <span class='highlight' style='background:#FFA;'>Portaria</span> ... RFB nº 372, de 26 de outubro de 2023, e os arts. 2º e 4º da <span class='highlight' style='background:#FFA;'>Portaria</span> RFB nº 114, de 27 de janeiro de ... do art. 303 do Regimento Interno da Secretaria Especial da Receita Federal do Brasil, aprovado pela <span class='highlight' style='background:#FFA;'>Portaria</span> ... A Habilitação aqui concedida fica vinculada à <span class='highlight' style='background:#FFA;'>PORTARIA</span> SNTEP/MME Nº 2948, DE 22 DE MAIO DE 2025, MINISTÉRIO",14/11/2025
Teste DOU,portaria,DOU - Seção 1,http://www.in.gov.br/web/dou/-/deliberacao-n-1.222-de-23-de-outubro-de-2025-668952273,"DELIBERAÇÃO Nº 1.222, DE 23 DE OUTUBRO DE 2025","DELIBERAÇÃO Nº 1.222, DE 23 DE OUTUBRO DE 2025 Os Membros da Comissão Nacional de Segurança Pública nos <span class='highlight' style='background:#FFA;'>Portos</span> ... Oficial da União e os registros aplicáveis, informando a Comissão Estadual de Segurança Pública nos <span class='highlight' style='background:#FFA;'>Portos</span> ... ALVES DOS SANTOS JOÃO SIMÕES p/Ministério da Fazenda EDIGAR JUNIO DA SILVA MARTINS p/Ministério dos <span class='highlight' style='background:#FFA;'>Portos</span> ",14/11/2025
Teste DOU,portaria,DOU - Seção 1,http://www.in.gov.br/web/dou/-/resolucao-cdr-n-39-de-12-de-novembro-de-2025-668951884,"RESOLUÇÃO - CDR Nº 39, DE 12 DE NOVEMBRO DE 2025","União de 10/09/2024, combinado com o Inciso I do Art. 142 do Regimento Interno do Incra, aprovado pela <span class='highlight' style='background:#FFA;'>Portaria</span> do definido na estrutura organizacional do Incra, por seu Coordenador, na competência que lhe é conferida pelo art. 21 da Estrutura Regimental do Incra, aprovada pelo Decreto Nº 11.232 de 10 de outubro de 2022, publicado no Diário Of...",14/11/2025
Teste DOU,portaria,DOU - Seção 1,http://www.in.gov.br/web/dou/-/pauta-de-julgamento-668951803,PAUTA DE JULGAMENTO,"transmitidos não atendam à duração e aos requisitos previstos, respectivamente, no art. 11, e no art. 12 da <span class='highlight' style='background:#FFA;'>Portaria</span> de julgamento dos recursos da 3ª Turma da Câmara Superior de Recursos Fiscais, em reunião assíncrona, realizada por meio do Plenário Virtual, com duração de 5 (cinco) dias, tendo início às 9h do dia 24/11/2025 e fim às 23h59min...",14/11/2025
Teste DOU,portaria,DOU - Seção 1,http://www.in.gov.br/web/dou/-/pauta-de-julgamento-668951722,PAUTA DE JULGAMENTO,"transmitidos não atendam à duração e aos requisitos previstos, respectivamente, no art. 11, e no art. 12 da <span class='highlight' style='background:#FFA;'>Portaria</span> de julgamento dos recursos da 3ª Turma da Câmara Superior de Recursos Fiscais, em sessões síncronas presenciais ou híbridas a serem realizadas na data a seguir mencionada, no Setor Comercial Sul, Quadra 01, Bloco J, Edifício Al...",14/11/2025
Teste DOU,portaria,DOU - Seção 1,http://www.in.gov.br/web/dou/-/ato-declaratorio-executivo-alf/bsb-n-62-de-13-de-novembro-de-2025-668951641,"ATO DECLARATÓRIO EXECUTIVO ALF/BSB Nº 62, DE 13 DE NOVEMBRO DE 2025","pelo Art. 298 do Regimento Interno da Secretaria Especial da Receita Federal do Brasil, aprovado pela <span class='highlight' style='background:#FFA;'>Portaria</span> ... ME nº 284, de 27 de julho de 2020, e tendo em vista o disposto na <span class='highlight' style='background:#FFA;'>Portaria</span> Coana nº 25, de 20 de maioATO DECLARATÓRIO EXECUTIVO ALF/BSB Nº 62, DE 13 DE NOVEMBRO DE 2025 Decl...",14/11/2025
Teste DOU,portaria,DOU - Seção 1,http://www.in.gov.br/web/dou/-/ato-declaratorio-executivo-n-12-de-13-de-novembro-de-2025-668951507,"ATO DECLARATÓRIO EXECUTIVO Nº 12, DE 13 DE NOVEMBRO DE 2025","artigo 810, §3º, do Decreto nº 6.759, de 05 de fevereiro de 2009 e delegada pelo artigo 5º, inciso I, da <span class='highlight' style='background:#FFA;'>Portaria</span> ATO DECLARATÓRIO EXECUTIVO Nº 12, DE 13 DE NOVEMBRO DE 2025 O CHEFE DA SEÇÃO DE CONTROLE DE INTERVENIENTES, CARGA E TRÂNSITO ADUANEIRO (SACIT) DA ALFÂNDEGA DA RECEITA FEDERAL DO BRASIL EM URUGUAIANA (ALF/URA), no uso da competência...",14/11/2025
Teste DOU,portaria,DOU - Seção 1,http://www.in.gov.br/web/dou/-/retificacao-668951476,RETIFICAÇÃO,"RETIFICAÇÃO No Anexo XV da <span class='highlight' style='background:#FFA;'>Portaria</span> MGI n° 8.376, de 3 de outubro de 2025, publicada no Diário Oficial ... se lê: ANEXO XV Órgão Cargo Escolaridade Vagas Ministério da Ciência, Tecnologia e Inovação - MCTI ( <span class='highlight' style='background:#FFA;'>Portaria</span> ... Leia-se: ANEXO XV Órgão Cargo Escolaridade Vagas Ministério da Ciência, Tecnologia e Inovação - MCTI ( <span class='highlight' style='background:#FFA;'>Portaria</span> ",14/11/2025
Teste DOU,portaria,DOU - Seção 1,http://www.in.gov.br/web/dou/-/resolucao-re-n-4.556-de-13-de-novembro-de-2025-668951167,"RESOLUÇÃO-RE Nº 4.556, DE 13 DE NOVEMBRO DE 2025","Empresas de Medicamentos e de Insumos Farmacêuticos, constantes no anexo desta Resolução, de acordo com a <span class='highlight' style='background:#FFA;'>Portaria</span> s atribuições que lhe confere o art. 144, aliado ao art. 203, I, §1° do Regimento Interno aprovado pela Resolução da Diretoria Colegiada - RDC n° 585, de 10 de dezembro de 2021, resolve: Art. 1º. Alterar Autorização Especial para ...",14/11/2025
Teste DOU,portaria,DOU - Seção 1,http://www.in.gov.br/web/dou/-/pauta-de-julgamento-668950638,PAUTA DE JULGAMENTO,"transmitidos não atendam à duração e aos requisitos previstos, respectivamente, no art. 11, e no art. 12 da <span class='highlight' style='background:#FFA;'>Portaria</span> de julgamento dos recursos da 2ª Turma Ordinária da 3ª Câmara da 1ª Seção, em sessões síncronas presenciais ou híbridas a serem realizadas nas datas a seguir mencionadas, no Setor Comercial Sul, Quadra 01, Bloco J, Edifício Alv...",14/11/2025
Teste DOU,portaria,DOU - Seção 1,http://www.in.gov.br/web/dou/-/ato-declaratorio-executivo-alf/cta-n-84-de-13-de-novembro-de-2025-668950424,"ATO DECLARATÓRIO EXECUTIVO ALF/CTA Nº 84, DE 13 DE NOVEMBRO DE 2025","Regulamento Aduaneiro), alterado pelo Decreto nº 7.213, de 15 de junho de 2010 e pelos poderes delegados pela <span class='highlight' style='background:#FFA;'>Portaria</span> ntes de Despachantes Aduaneiros O CHEFE DA SEÇÃO DE CONTROLE DE INTERVENIENTES, CARGA E TRÂNSITO ADUANEIRO DA ALFÂNDEGA DA RECEITA FEDERAL DO BRASIL EM CURITIBA - SACIT/ALF/CURITIBA, no uso da competência conferida pelo § 3º d...",14/11/2025
Teste DOU,portaria,DOU - Seção 1,http://www.in.gov.br/web/dou/-/despacho-n-3.326-de-12-de-novembro-de-2025-668950018,"DESPACHO Nº 3.326, DE 12 DE NOVEMBRO DE 2025","SERVIÇOS DE ENERGIA ELÉTRICA DA AGÊNCIA NACIONAL DE ENERGIA ELÉTRICA - ANEEL, nos termos do art. 3º da <span class='highlight' style='background:#FFA;'>Portaria</span> rt. 3º da Portaria nº 6.836, de 21 de junho de 2023, e considerando o que consta do Processo nº 48500.034303/2025-88, decide: liberar a unidade geradora UG1 a UG6 de 50,00 kW cada, totalizando 300,00 kW de capacidade instalada da UFV...",14/11/2025
Teste DOU,portaria,DOU - Seção 1,http://www.in.gov.br/web/dou/-/portaria-n-106-de-13-de-novembro-de-2025-668949297,"<span class='highlight' style='background:#FFA;'>Portaria</span> nº 106, de 13 de novembro de 2025"," <span class='highlight' style='background:#FFA;'>Portaria</span> nº 106, de 13 de novembro de 2025 O DIRETORA DO CENTRO NACIONAL DE ARQUEOLOGIA DO DEPARTAMENTO ... PATRIMÔNIO HISTÓRICO E ARTÍSTICO NACIONAL - IPHAN, no uso da atribuição que lhe foi conferida pela <span class='highlight' style='background:#FFA;'>Portaria</span> ... com o disposto no Decreto n.º 11.178, de 18/08/2022, e com a Lei n.º 3.924, de 26/07/1961, e com a <span class='highlight' style='background:#FFA;'>Portaria</span> ... , de 1º/12/1988, e ainda do que consta dos processos administrativos relacionados nos anexos a esta <span class='highlight' style='background:#FFA;'>Portaria</span> ... , regidos pela <span class='highlight' style='background:#FFA;'>Portaria</span> SPHAN 07/88; II - Expedir RENOVAÇÃO, sem prejuízo das demais autorizações exigíveis",14/11/2025
Teste DOU,portaria,DOU - Seção 1,http://www.in.gov.br/web/dou/-/resolucao-cdr-n-38-de-12-de-novembro-de-2025-668949214,"RESOLUÇÃO - CDR Nº 38, DE 12 DE NOVEMBRO DE 2025","União de 10/09/2024, combinado com o Inciso I do Art. 142 do Regimento Interno do Incra, aprovado pela <span class='highlight' style='background:#FFA;'>Portaria</span> da contestação ao Relatório Técnico de Identificação e Delimitação - RTID da Comunidade Quilombola Adelaide Maria Trindade Batista, apresentada por Mitra Diocesana de Palmas. O COMITÊ DE DECISÃO REGIONAL DA SUPERINTENDÊNCIA DO INCRA...",14/11/2025
Teste DOU,portaria,DOU - Seção 1,http://www.in.gov.br/web/dou/-/pauta-de-julgamento-668949051,PAUTA DE JULGAMENTO,"transmitidos não atendam à duração e aos requisitos previstos, respectivamente, no art. 11, e no art. 12 da <span class='highlight' style='background:#FFA;'>Portaria</span> de julgamento dos recursos da 2ª Turma Ordinária da 1ª Câmara da 3ª Seção, em reunião assíncrona, realizada por meio do Plenário Virtual, com duração de 5 (cinco) dias, tendo início às 9h do dia 24/11/2025 e fim às 23h59min do ...",14/11/2025
Teste DOU,portaria,DOU - Seção 1,http://www.in.gov.br/web/dou/-/pauta-de-julgamento-668948932,PAUTA DE JULGAMENTO,"transmitidos não atendam à duração e aos requisitos previstos, respectivamente, no art. 11, e no art. 12 da <span class='highlight' style='background:#FFA;'>Portaria</span> de julgamento dos recursos da 1ª Turma Ordinária da 2ª Câmara da 1ª Seção, em sessões síncronas presenciais ou híbridas a serem realizadas nas datas a seguir mencionadas, no Setor Comercial Sul, Quadra 01, Bloco J, Edifício Alv...",14/11/2025
Teste DOU,portaria,DOU - Seção 1,http://www.in.gov.br/web/dou/-/pauta-de-julgamento-668948896,PAUTA DE JULGAMENTO,"sustentação oral pleiteada está condicionada ao cumprimento dos requisitos e prazos estabelecidos na <span class='highlight' style='background:#FFA;'>Portaria</span> s da 12ª Turma Recursal a serem realizadas nas datas a seguir mencionadas OBSERVAÇÕES: 1)Após a publicação da pauta de julgamento no DOU, você poderá enviar o vídeo / áudio contendo a sustentação oral ou arquivo de texto contendo memor...",14/11/2025
Teste DOU,portaria,DOU - Seção 1,http://www.in.gov.br/web/dou/-/deliberacao-n-1.219-de-23-de-outubro-de-2025-668948648,"DELIBERAÇÃO Nº 1.219, DE 23 DE OUTUBRO DE 2025","DELIBERAÇÃO Nº 1.219, DE 23 DE OUTUBRO DE 2025 Os Membros da Comissão Nacional de Segurança Pública nos <span class='highlight' style='background:#FFA;'>Portos</span> ... Oficial da União e os registros aplicáveis, informando a Comissão Estadual de Segurança Pública nos <span class='highlight' style='background:#FFA;'>Portos</span> ... ALVES DOS SANTOS JOÃO SIMÕES p/Ministério da Fazenda EDIGAR JUNIO DA SILVA MARTINS p/Ministério dos <span class='highlight' style='background:#FFA;'>Portos</span> ",14/11/2025
Teste DOU,portaria,DOU - Seção 1,http://www.in.gov.br/web/dou/-/resolucao-cdr-n-40-de-12-de-novembro-de-2025-668948183,"RESOLUÇÃO - CDR Nº 40, DE 12 DE NOVEMBRO DE 2025","União de 10/09/2024, combinado com o Inciso I do Art. 142 do Regimento Interno do Incra, aprovado pela <span class='highlight' style='background:#FFA;'>Portaria</span> de Deus, de uma área com 0,1164 hectares, no Projeto de Assentamento Elias Gonçalves de Meura, localizado no município de Carlópolis/PR. O COMITÊ DE DECISÃO REGIONAL DA SUPERINTENDÊNCIA DO INCRA NO ESTADO DO PARANÁ - SR(09)PR-CDR, ó...",14/11/2025
Teste DOU,portaria,DOU - Seção 1,http://www.in.gov.br/web/dou/-/resolucao-autorizativa-n-16.564-de-11-de-novembro-de-2025-668948096,"RESOLUÇÃO AUTORIZATIVA Nº 16.564, DE 11 DE NOVEMBRO DE 2025","de linha de distribuição que perfará o seccionamento da Linha de Distribuição 138 kV Posto Fiscal - <span class='highlight' style='background:#FFA;'>Porto</span> Interno da ANEEL, resolve: Processo nº: 48500.029636/2025-95. Interessado: Copel Distribuição S.A. - COPEL-DIS, CNPJ nº 04.368.898/0001-06. Objeto: declara de utilidade pública, para instituição de servidão administrativa, em favor da Cop...",14/11/2025
Teste DOU,portaria,DOU - Seção 1,http://www.in.gov.br/web/dou/-/ato-declaratorio-executivo-eqben/deleben/srrf08/rfb-n-1.541-de-13-de-novembro-de-2025-668947731,"Ato Declaratório Executivo EQBEN/DELEBEN/SRRF08ª/RFB nº 1.541, de 13 de novembro de 2025","da Lei nº 10.593, de 6 de dezembro de 2002 (Redação dada pela Lei nº 11.457, de 2007), o art. 8º da <span class='highlight' style='background:#FFA;'>Portaria</span> ... RFB nº 372, de 26 de outubro de 2023, e os arts. 2º e 4º da <span class='highlight' style='background:#FFA;'>Portaria</span> RFB nº 114, de 27 de janeiro de ... do art. 303 do Regimento Interno da Secretaria Especial da Receita Federal do Brasil, aprovado pela <span class='highlight' style='background:#FFA;'>Portaria</span> ... nº 1.578, de 21 de maio de 2024)"" CNO nº 90.024.69681/74, aprovado para enquadramento no REIDI pela <span class='highlight' style='background:#FFA;'>Portaria</span> ",14/11/2025
Teste DOU,portaria,DOU - Seção 1,http://www.in.gov.br/web/dou/-/retificacao-668947604,Retificação,"agosto de 2023, Seção 1, p. 38: Onde se lê: ""Art. 1º (...) autorizado para enquadramento ao REIDI pela <span class='highlight' style='background:#FFA;'>Portaria</span> ... Leia-se: ""Art. 1º (...) autorizado para enquadramento ao REIDI pela <span class='highlight' style='background:#FFA;'>Portaria</span> nº 2.174/SPTE/MME, de 117, de 4 de agosto de 2023, da Delegacia da Receita Federal do Brasil em...",14/11/2025
Teste DOU,portaria,DOU - Seção 1,http://www.in.gov.br/web/dou/-/autorizacao-sim-anp-n-704-de-13-de-novembro-de-2025-668947336,"AUTORIZAÇÃO SIM-ANP Nº 704, DE 13 DE NOVEMBRO DE 2025","PETRÓLEO, GÁS NATURAL E BIOCOMBUSTÍVEIS - ANP, no uso das atribuições que lhe foram conferidas pela <span class='highlight' style='background:#FFA;'>Portaria</span> AUTORIZAÇÃO SIM-ANP Nº 704, DE 13 DE NOVEMBRO DE 2025 O SUPERINTENDENTE DE INFRAESTRUTURA E MOVIMENTAÇÃO da AGÊNCIA NACIONAL DO PETRÓLEO, GÁS NATURAL E BIOCOMBUSTÍVEIS - ANP, no uso das atribuições que lhe foram conferidas pela Portaria...",14/11/2025
Teste DOU,portaria,DOU - Seção 1,http://www.in.gov.br/web/dou/-/autorizacao-spc-anp-n-706-de-13-de-novembro-de-2025-668947252,"AUTORIZAÇÃO SPC-ANP Nº 706, DE 13 DE NOVEMBRO DE 2025","PETRÓLEO, GÁS NATURAL E BIOCOMBUSTÍVEIS - ANP, no uso das atribuições que lhe foram conferidas pela <span class='highlight' style='background:#FFA;'>Portaria</span> AUTORIZAÇÃO SPC-ANP Nº 706, DE 13 DE NOVEMBRO DE 2025 A SUPERINTENDENTE ADJUNTA DE PRODUÇÃO DE COMBUSTÍVEIS DA AGÊNCIA NACIONAL DO PETRÓLEO, GÁS NATURAL E BIOCOMBUSTÍVEIS - ANP, no uso das atribuições que lhe foram conferidas pela Porta...",14/11/2025
Teste DOU,portaria,DOU - Seção 1,http://www.in.gov.br/web/dou/-/despacho-sdl-anp-n-1.580-de-13-de-novembro-de-2025-668947122,"DESPACHO SDL-ANP Nº 1.580, DE 13 DE NOVEMBRO DE 2025","PETRÓLEO, GÁS NATURAL E BIOCOMBUSTÍVEIS - ANP, no uso das atribuições que lhe foram conferidas pela <span class='highlight' style='background:#FFA;'>Portaria</span> DESPACHO SDL-ANP Nº 1.580, DE 13 DE NOVEMBRO DE 2025 O SUPERINTENDENTE ADJUNTO DE DISTRIBUIÇÃO E LOGÍSTICA da AGÊNCIA NACIONAL DO PETRÓLEO, GÁS NATURAL E BIOCOMBUSTÍVEIS - ANP, no uso das atribuições que lhe foram conferidas pela Portar...",14/11/2025
Teste DOU,portaria,DOU - Seção 1,http://www.in.gov.br/web/dou/-/pauta-de-julgamento-668946695,PAUTA DE JULGAMENTO,"transmitidos não atendam à duração e aos requisitos previstos, respectivamente, no art. 11, e no art. 12 da <span class='highlight' style='background:#FFA;'>Portaria</span> ... para o julgamento dos itens da coluna ¿ITENS REPETITIVOS¿ da tabela, nos termos do § 3º do art. 87 da <span class='highlight' style='background:#FFA;'>Portaria</span> PAUTA DE JULGAMENTO Data da Reunião 25/11/2025 Pauta ordi...",14/11/2025
Teste DOU,portaria,DOU - Seção 1,http://www.in.gov.br/web/dou/-/ato-declaratorio-executivo-eqben/deleben/srrf08/rfb-n-1.537-de-12-de-novembro-de-2025-668946540,"ATO DECLARATÓRIO EXECUTIVO EQBEN/DELEBEN/SRRF08ª/RFB Nº 1.537, DE 12 DE NOVEMBRO DE 2025","a Lei nº 10.593 de 6 de dezembro de 2002 com redação dada pela Lei nº 11.457, de 2007, o art. 8º da <span class='highlight' style='background:#FFA;'>Portaria</span> ... RFB nº 372, de 26 de outubro de 2023, e os arts. 2º e 4º da <span class='highlight' style='background:#FFA;'>Portaria</span> RFB nº 114, de 27 de janeiro de ... do art. 303 do Regimento Interno da Secretaria Especial da Receita Federal do Brasil, aprovado pela <span class='highlight' style='background:#FFA;'>Portaria</span> ... A Habilitação aqui concedida fica vinculada à <span class='highlight' style='background:#FFA;'>PORTARIA</span> SNTEP/MME Nº 2948, DE 22 DE MAIO DE 2025, MINISTÉRIO",14/11/2025
Teste DOU,portaria,DOU - Seção 1,http://www.in.gov.br/web/dou/-/deliberacao-n-1.221-de-23-de-outubro-de-2025-668946224,"DELIBERAÇÃO Nº 1.221, DE 23 DE OUTUBRO DE 2025","DELIBERAÇÃO Nº 1.221, DE 23 DE OUTUBRO DE 2025 Os Membros da Comissão Nacional de Segurança Pública nos <span class='highlight' style='background:#FFA;'>Portos</span> ... Internacional (CCA-IMO), perante o Ministério da Defesa/Marinha do Brasil, à Secretaria Nacional de <span class='highlight' style='background:#FFA;'>Portos</span> ... , à Secretaria Especial da Receita Federal do Brasil e à Comissão Estadual de Segurança Pública nos <span class='highlight' style='background:#FFA;'>Portos</span> ... ALVES DOS SANTOS JOÃO SIMÕES p/Ministério da Fazenda EDIGAR JUNIO DA SILVA MARTINS p/Ministério dos <span class='highlight' style='background:#FFA;'>Portos</span> ",14/11/2025
Teste DOU,portaria,DOU - Seção 1,http://www.in.gov.br/web/dou/-/pauta-de-julgamento-668946049,PAUTA DE JULGAMENTO,"sustentação oral pleiteada está condicionada ao cumprimento dos requisitos e prazos estabelecidos na <span class='highlight' style='background:#FFA;'>Portaria</span> s da 11ª Turma Recursal a serem realizadas nas datas a seguir mencionadas OBSERVAÇÕES: 1)Após a publicação da pauta de julgamento no DOU, você poderá enviar o vídeo / áudio contendo a sustentação oral ou arquivo de texto contendo memor...",14/11/2025
Teste DOU,portaria,DOU - Seção 1,http://www.in.gov.br/web/dou/-/despacho-n-8525332-dpu-go/gdpc-go/cadm-go/dgp-go-de-10-de-novembro-de-2025-668945343,"Despacho Nº 8525332 - DPU GO/GDPC GO/CADM GO/DGP GO, de 10 de novembro de 2025","EM DIREITO PARA ATUAÇÃO NOS OFÍCIOS GERAIS DA DEFENSORIA PÚBLICA DA UNIÃO EM GOIÂNIA/GO, conforme a <span class='highlight' style='background:#FFA;'>PORTARIA</span> ... GABDPGF DPGU Nº 1575, DE 30 DE OUTUBRO DE 2024 alterada pela <span class='highlight' style='background:#FFA;'>PORTARIA</span> GABDPGF DPGU Nº 1153 DE 26 DERANDO o Edital - DPU-GO/GDPC GO - Nº 001, DE 29 DE OUTUBRO DE 2025. que torn...",14/11/2025
Teste DOU,portaria,DOU - Seção 1,http://www.in.gov.br/web/dou/-/resolucao-n-5/od-agu-de-12-de-novembro-de-2025-668945259,"RESOLUÇÃO Nº 5/OD-AGU, DE 12 DE NOVEMBRO DE 2025","DA ADVOCACIA-GERAL DA UNIÃO, no uso de suas atribuições que lhe confere o artigo 25, inciso IV, da <span class='highlight' style='background:#FFA;'>Portaria</span> RESOLUÇÃO Nº 5/OD-AGU, DE 12 DE NOVEMBRO DE 2025 Dispõe sobre a promoção da participação equânime de homens e mulheres, com perspectiva interseccional de raça e etnia, em eventos do Observatório da Democracia da AGU. O CONSELHO GESTOR DO...",14/11/2025
Teste DOU,portaria,DOU - Seção 1,http://www.in.gov.br/web/dou/-/ato-declaratorio-executivo-n-20-de-12-de-novembro-de-2025-668944790,"ATO DECLARATÓRIO EXECUTIVO Nº 20, DE 12 DE NOVEMBRO DE 2025","AUDITORA-FISCAL DA RECEITA FEDERAL DO BRASIL, da Alfândega da Receita Federal em Recife, instituída por meio da <span class='highlight' style='background:#FFA;'>Portaria</span> como Operador Econômico Autorizado a pessoa jurídica que especifica. A AUDITORA-FISCAL DA RECEITA FEDERAL DO BRASIL, da Alfândega da Receita Federal em Recife, instituída por meio da Portaria ME nº 284, de 27 de julho de 20...",14/11/2025
Teste DOU,portaria,DOU - Seção 1,http://www.in.gov.br/web/dou/-/portaria-inca-n-820-de-4-de-novembro-de-2025-668944048,"<span class='highlight' style='background:#FFA;'>Portaria</span> INCA Nº 820, de 4 de novembro de 2025"," <span class='highlight' style='background:#FFA;'>Portaria</span> INCA Nº 820, de 4 de novembro de 2025 Define os critérios para o compartilhamento e permissão ... Estas decisões devem obedecer às disposições desta <span class='highlight' style='background:#FFA;'>Portaria</span> e observar, no mínimo, os seguintes aspectos ... contratos, convênios ou qualquer outro mecanismo específico legalmente previsto, observando-se a presente <span class='highlight' style='background:#FFA;'>Portaria</span> ... Art. 10º Esta <span class='highlight' style='background:#FFA;'>portaria</span> entra em vigor na data de sua publicação. ROBERTO DE ALMEIDA GIL",14/11/2025
Teste DOU,portaria,DOU - Seção 1,http://www.in.gov.br/web/dou/-/portaria-sdic/mdic-n-293-de-13-de-novembro-de-2025-668943644,"<span class='highlight' style='background:#FFA;'>Portaria</span> sdic/MDIC Nº 293, DE 13 DE novembro DE 2025"," <span class='highlight' style='background:#FFA;'>Portaria</span> sdic/MDIC Nº 293, DE 13 DE novembro DE 2025 Habilitação ao Programa Mobilidade Verde e Inovação ... DESENVOLVIMENTO, INDÚSTRIA, COMÉRCIO E SERVIÇOS, no uso da atribuição que lhe foi conferida pelo art. 13 da <span class='highlight' style='background:#FFA;'>Portaria</span> ... Art. 4º Esta <span class='highlight' style='background:#FFA;'>Portaria</span> entra em vigor na data de sua publicação. UALLACE MOREIRA LIMA",14/11/2025
Teste DOU,portaria,DOU - Seção 1,http://www.in.gov.br/web/dou/-/ato-declaratorio-executivo-eqben/deleben/srrf08/rfb-n-1.540-de-13-de-novembro-de-2025-668943487,"Ato Declaratório Executivo EQBEN/DELEBEN/SRRF08ª/RFB nº 1.540, de 13 de novembro de 2025","da Lei nº 10.593, de 6 de dezembro de 2002 (Redação dada pela Lei nº 11.457, de 2007), o art. 8º da <span class='highlight' style='background:#FFA;'>Portaria</span> ... RFB nº 372, de 26 de outubro de 2023, e os arts. 2º e 4º da <span class='highlight' style='background:#FFA;'>Portaria</span> RFB nº 114, de 27 de janeiro de ... do art. 303 do Regimento Interno da Secretaria Especial da Receita Federal do Brasil, aprovado pela <span class='highlight' style='background:#FFA;'>Portaria</span> ... Setor de Transportes - Rodovia, denominado ""Concessão das Rodovias - BR-116/101/SP/RJ"", aprovado pela <span class='highlight' style='background:#FFA;'>Portaria</span> ",14/11/2025
Teste DOU,portaria,DOU - Seção 1,http://www.in.gov.br/web/dou/-/despacho-n-3.367-de-13-de-novembro-de-2025-668943324,"DESPACHO Nº 3.367, DE 13 DE NOVEMBRO DE 2025","SERVIÇOS DE ENERGIA ELÉTRICA DA AGÊNCIA NACIONAL DE ENERGIA ELÉTRICA - ANEEL, nos termos do art. 3º da <span class='highlight' style='background:#FFA;'>Portaria</span> rt. 3º da Portaria nº 6.836, de 21 de junho de 2023, e considerando o que consta do Processo nº 48500.034706/2025-27, decide: Liberar as unidades geradoras UG1 a UG116 de 258,621 kW cada, totalizando 30.000,00 kW de capacidade instal...",14/11/2025
Teste DOU,portaria,DOU - Seção 1,http://www.in.gov.br/web/dou/-/despacho-n-3.371-de-13-de-novembro-de-2025-668943248,"DESPACHO Nº 3.371, DE 13 DE NOVEMBRO DE 2025","SERVIÇOS DE ENERGIA ELÉTRICA DA AGÊNCIA NACIONAL DE ENERGIA ELÉTRICA - ANEEL, nos termos do art. 3º da <span class='highlight' style='background:#FFA;'>Portaria</span> rt. 3º da Portaria nº 6.836, de 21 de junho de 2023, e considerando o que consta do Processo nº 48500.034544/2025-27, decide: Liberar a unidade geradora UG1 a UG116 de 287,07 kW cada, totalizando 33.300,00 kW de capacidade instalada ...",14/11/2025
Teste DOU,portaria,DOU - Seção 1,http://www.in.gov.br/web/dou/-/portaria-n-107-de-13-de-novembro-de-2025-668942934,"<span class='highlight' style='background:#FFA;'>Portaria</span> nº 107, de 13 de novembro de 2025"," <span class='highlight' style='background:#FFA;'>Portaria</span> nº 107, de 13 de novembro de 2025 A DIRETORA DO CENTRO NACIONAL DE ARQUEOLOGIA DO DEPARTAMENTO ... PATRIMÔNIO HISTÓRICO E ARTÍSTICO NACIONAL - IPHAN, no uso da atribuição que lhe foi conferida pela <span class='highlight' style='background:#FFA;'>Portaria</span> ... com o disposto no Decreto n.º 11.178, de 18/08/2022, e com a Lei n.º 3.924, de 26/07/1961, e com a <span class='highlight' style='background:#FFA;'>Portaria</span> ... , de 1º/12/1988, e ainda do que consta dos processos administrativos relacionados nos anexos a esta <span class='highlight' style='background:#FFA;'>Portaria</span> ... , resolve revogar: 01-Autorização nº 01, Seção I, Anexo IV, Pág. 13, da <span class='highlight' style='background:#FFA;'>Portaria</span> nº 22/2025, publicada",14/11/2025
Teste DOU,portaria,DOU - Seção 1,http://www.in.gov.br/web/dou/-/pauta-de-julgamento-668942774,PAUTA DE JULGAMENTO,"transmitidos não atendam à duração e aos requisitos previstos, respectivamente, no art. 11, e no art. 12 da <span class='highlight' style='background:#FFA;'>Portaria</span> ... para o julgamento dos itens da coluna ""ITENS REPETITIVOS"" da tabela, nos termos do § 3º do art. 87 da <span class='highlight' style='background:#FFA;'>Portaria</span> PAUTA DE JULGAMENTO Período da Reunião de 25 a 27/11/2025...",14/11/2025
Teste DOU,portaria,DOU - Seção 1,http://www.in.gov.br/web/dou/-/despacho-n-3.369-de-13-de-novembro-de-2025-668942535,"DESPACHO Nº 3.369, DE 13 DE NOVEMBRO DE 2025","SERVIÇOS DE ENERGIA ELÉTRICA DA AGÊNCIA NACIONAL DE ENERGIA ELÉTRICA - ANEEL, nos termos do art. 3º da <span class='highlight' style='background:#FFA;'>Portaria</span> rt. 3º da Portaria nº 6.836, de 21 de junho de 2023, e considerando o que consta do Processo nº 48500.034446/2025-90, decide: Liberar a unidade geradora UG1, de 272,00 kW, da UFV Supermercado Jepsen - Filial, Código Único de Empreend...",14/11/2025
Teste DOU,portaria,DOU - Seção 1,http://www.in.gov.br/web/dou/-/autorizacao-spc-anp-n-705-de-13-de-novembro-de-2025-668942456,"AUTORIZAÇÃO SPC-ANP Nº 705, DE 13 DE NOVEMBRO DE 2025","PETRÓLEO, GÁS NATURAL E BIOCOMBUSTÍVEIS - ANP, no uso das atribuições que lhe foram conferidas pela <span class='highlight' style='background:#FFA;'>Portaria</span> AUTORIZAÇÃO SPC-ANP Nº 705, DE 13 DE NOVEMBRO DE 2025 A SUPERINTENDENTE ADJUNTA DE PRODUÇÃO DE COMBUSTÍVEIS DA AGÊNCIA NACIONAL DO PETRÓLEO, GÁS NATURAL E BIOCOMBUSTÍVEIS - ANP, no uso das atribuições que lhe foram conferidas pela Porta...",14/11/2025
Teste DOU,portaria,DOU - Seção 1,http://www.in.gov.br/web/dou/-/despacho-sdl-anp-n-1.577-de-13-de-novembro-de-2025-668942372,"DESPACHO SDL-ANP Nº 1.577, DE 13 DE NOVEMBRO DE 2025","PETRÓLEO, GÁS NATURAL E BIOCOMBUSTÍVEIS - ANP, no uso das atribuições que lhe foram conferidas pela <span class='highlight' style='background:#FFA;'>Portaria</span> DESPACHO SDL-ANP Nº 1.577, DE 13 DE NOVEMBRO DE 2025 O SUPERINTENDENTE ADJUNTO DE DISTRIBUIÇÃO E LOGÍSTICA da AGÊNCIA NACIONAL DO PETRÓLEO, GÁS NATURAL E BIOCOMBUSTÍVEIS - ANP, no uso das atribuições que lhe foram conferidas pela Portar...",14/11/2025
Teste DOU,portaria,DOU - Seção 1,http://www.in.gov.br/web/dou/-/resolucao-re-n-4.516-de-10-de-novembro-de-2025-668942221,"RESOLUÇÃO-RE Nº 4.516, DE 10 DE novembro DE 2025","cargas soltas"" ou ""desovadas"" de medicamentos e insumos farmacêuticos, incluindo àqueles constantes da <span class='highlight' style='background:#FFA;'>Portaria</span> RESOLUÇÃO-RE Nº 4.516, DE 10 DE novembro DE 2025 O DIRETOR DA QUINTA DIRETORIA DA AGÊNCIA NACIONAL DE VIGILÂNCIA SANITÁRIA, no uso das atribuições que lhe foram conferidas pelo art.160 aliado ao art. 203, inciso I do Regimento Intern...",14/11/2025
Teste DOU,portaria,DOU - Seção 1,http://www.in.gov.br/web/dou/-/ato-declaratorio-executivo-eqben/deleben/srrf08/rfb-n-1.502-de-11-de-novembro-de-2025-668941911,"Ato Declaratório Executivo EQBEN/DELEBEN/SRRF08ª/RFB nº 1.502, de 11 de novembro de 2025","da Lei nº 10.593, de 6 de dezembro de 2002 (Redação dada pela Lei nº 11.457, de 2007), o art. 8º da <span class='highlight' style='background:#FFA;'>Portaria</span> ... RFB nº 372, de 26 de outubro de 2023, e os arts. 2º e 4º da <span class='highlight' style='background:#FFA;'>Portaria</span> RFB nº 114, de 27 de janeiro de ... do art. 303 do Regimento Interno da Secretaria Especial da Receita Federal do Brasil, aprovado pela <span class='highlight' style='background:#FFA;'>Portaria</span> ... 02.998.611/0001-04, matriculado no CNO sob o nº 90.014.09679/78, aprovado para enquadramento ao REIDI pela <span class='highlight' style='background:#FFA;'>Portaria</span> ",14/11/2025
Teste DOU,portaria,DOU - Seção 1,http://www.in.gov.br/web/dou/-/ato-declaratorio-executivo-eqben/deleben/srrf08/rfb-n-1.539-de-13-de-novembro-de-2025-668941825,"Ato Declaratório Executivo EQBEN/DELEBEN/SRRF08ª/RFB nº 1.539, de 13 de novembro de 2025","da Lei nº 10.593, de 6 de dezembro de 2002 (Redação dada pela Lei nº 11.457, de 2007), o art. 8º da <span class='highlight' style='background:#FFA;'>Portaria</span> ... RFB nº 372, de 26 de outubro de 2023, e os art. 2º e 4º da <span class='highlight' style='background:#FFA;'>Portaria</span> RFB nº 114, de 27 de janeiro de ... do art. 303 do Regimento Interno da Secretaria Especial da Receita Federal do Brasil, aprovado pela <span class='highlight' style='background:#FFA;'>Portaria</span> ",14/11/2025
Teste DOU,portaria,DOU - Seção 1,http://www.in.gov.br/web/dou/-/deliberacao-n-1.223-de-23-de-outubro-de-2025-668941751,"DELIBERAÇÃO Nº 1.223, DE 23 DE OUTUBRO DE 2025","DELIBERAÇÃO Nº 1.223, DE 23 DE OUTUBRO DE 2025 Os Membros da Comissão Nacional de Segurança Pública nos <span class='highlight' style='background:#FFA;'>Portos</span> ... Oficial da União e os registros aplicáveis, informando a Comissão Estadual de Segurança Pública nos <span class='highlight' style='background:#FFA;'>Portos</span> ... ALVES DOS SANTOS JOÃO SIMÕES p/Ministério da Fazenda EDIGAR JUNIO DA SILVA MARTINS p/Ministério dos <span class='highlight' style='background:#FFA;'>Portos</span> ",14/11/2025
Teste DOU,portaria,DOU - Seção 1,http://www.in.gov.br/web/dou/-/portaria-icmbio-n-5.048-de-13-de-novembro-de-2025-668941667,"<span class='highlight' style='background:#FFA;'>Portaria</span> ICMBio Nº 5.048, de 13 de novembro de 2025"," <span class='highlight' style='background:#FFA;'>Portaria</span> ICMBio Nº 5.048, de 13 de novembro de 2025 Cria a Reserva Particular do Patrimônio Natural - ... O PRESIDENTE DO INSTITUTO CHICO MENDES DE CONSERVAÇÃO DA BIODIVERSIDADE - ICMBio, nomeado pela <span class='highlight' style='background:#FFA;'>Portaria</span> ... Art. 5º Esta <span class='highlight' style='background:#FFA;'>Portaria</span> entra em vigor na data de sua publicação. MAURO OLIVEIRA PIRES",14/11/2025
Teste DOU,portaria,DOU - Seção 1,http://www.in.gov.br/web/dou/-/despacho-n-3.327-de-12-de-novembro-de-2025-668941491,"DESPACHO Nº 3.327, DE 12 DE NOVEMBRO DE 2025","SERVIÇOS DE ENERGIA ELÉTRICA DA AGÊNCIA NACIONAL DE ENERGIA ELÉTRICA - ANEEL, nos termos do art. 3º da <span class='highlight' style='background:#FFA;'>Portaria</span> rt. 3º da Portaria nº 6.836, de 21 de junho de 2023, e considerando o que consta do Processo nº 48500.034346/2025-63, decide: liberar a unidade geradora UG11, de 4.500,00 kW, da EOL Ventos de São Rafael 09, Código Único de Empreendim...",14/11/2025
Teste DOU,portaria,DOU - Seção 1,http://www.in.gov.br/web/dou/-/despacho-668941361,Despacho,"fundamento no Decreto-lei n° 227/1967 c/c o Art. 2°, XVIII da Lei nº 13.575/2017, outorga a(s) seguinte(s) <span class='highlight' style='background:#FFA;'>Portaria</span> ... (s) de Lavra:(2611) <span class='highlight' style='background:#FFA;'>Portaria</span> de Lavra ANM nº: 452/2025, de 13 DE NOVEMBRO DE 2025 - Processo nº: 806.837/1972 - Titular: PIRECAL PIRENOPOLIS CALCARIO LTDA - Substância(s): DOLOMITO - Município(s): VILA PROPÍCIO/GO WENDELL MONTANARO CARDOSO MESQUITA",14/11/2025
Teste DOU,portaria,DOU - Seção 1,http://www.in.gov.br/web/dou/-/retificacao-668941180,RETIFICAÇÃO,"RETIFICAÇÃO No art. 3º da <span class='highlight' style='background:#FFA;'>Portaria</span> DG nº 275, de 12 de novembro de 2025, publicada no Diário Oficialicada no Diário Oficial da União - DOU em 13 de novembro de 2025, seção 1, pág. 137. Onde se lê: ""I - acompanhamento dos resultados apresentados pelos participantes no ambiente regulatório experimental após a publicação das autorizações temporá...",14/11/2025
Teste DOU,portaria,DOU - Seção 1,http://www.in.gov.br/web/dou/-/resolucao-conter-n-12-de-21-de-outubro-de-2025-668941024,"RESOLUÇÃO CONTER Nº 12, DE 21 DE OUTUBRO DE 2025","Comissão de Elaboração e Análises documentais, designada pela Diretoria Executiva do CONTER, por meio das <span class='highlight' style='background:#FFA;'>Portarias</span> RESOLUÇÃO CONTER Nº 12, DE 21 DE OUTUBRO DE 2025 Dispõe Sobre A Reformulação do Regimento Interno do Conselho Nacional de Técnicos Em Radiologia (Conter), Revogam-Se As Resoluções Conter Número 01/2019 e O Regimento Interno Corre...",14/11/2025
Teste DOU,portaria,DOU - Seção 1,http://www.in.gov.br/web/dou/-/resolucao-cro-go-n-5-de-8-de-outubro-de-2025-668940001,"RESOLUÇÃO CRO-GO nº 5, DE 8 DE OUTUBRO DE 2025","O prazo para a conclusão da SINVE ou do PAD começa a correr da data da publicação da <span class='highlight' style='background:#FFA;'>portaria</span> de instauração ... normais, ocupando o tempo que se tornar necessário para concluir os trabalhos no prazo assinalado em <span class='highlight' style='background:#FFA;'>portaria</span> ... O processo administrativo disciplinar será instaurado por meio de <span class='highlight' style='background:#FFA;'>portaria</span> que conterá, no mínimo: I ... A instauração do PAD ocorrerá mediante a publicação da <span class='highlight' style='background:#FFA;'>portaria</span> no Diário Oficial ou em outro meio de ... 2º Para defender o acusado revel, o presidente da comissão convocará o defensor dativo, nomeado na <span class='highlight' style='background:#FFA;'>portaria</span> ",14/11/2025
Teste DOU,portaria,DOU - Seção 1,http://www.in.gov.br/web/dou/-/deliberacao-n-1.773-de-13-de-novembro-de-2025-668939743,"DELIBERAÇÃO Nº 1.773, DE 13 DE NOVEMBRO DE 2025","VINCULADA AO MINISTÉRIO DO ESPORTE que trata a Lei nº 11.438 de 29 de dezembro de 2006, instituída pela <span class='highlight' style='background:#FFA;'>Portaria</span> ... Registro: 2502464 Manifestação Desportiva: Desporto de Rendimento CNPJ: 39.644.080/0001-53 Cidade: <span class='highlight' style='background:#FFA;'>Porto</span> s desportivos, relacionados no anexo I, aprovados nas reuniões ordi...",14/11/2025
Teste DOU,portaria,DOU - Seção 1,http://www.in.gov.br/web/dou/-/despacho-n-3.370-de-13-de-novembro-de-2025-668939534,"DESPACHO Nº 3.370, DE 13 DE NOVEMBRO DE 2025","SERVIÇOS DE ENERGIA ELÉTRICA DA AGÊNCIA NACIONAL DE ENERGIA ELÉTRICA - ANEEL, nos termos do art. 3º da <span class='highlight' style='background:#FFA;'>Portaria</span> rt. 3º da Portaria nº 6.836, de 21 de junho de 2023, e considerando o que consta do Processo nº 48500.034544/2025-27, decide: Liberar a unidade geradora UG1 a UG94 de 283,40 kW cada, totalizando 26.640,00 kW de capacidade instalada d...",14/11/2025
Teste DOU,portaria,DOU - Seção 1,http://www.in.gov.br/web/dou/-/portaria-n-6.473-de-13-de-novembro-de-2025-668939258,"<span class='highlight' style='background:#FFA;'>Portaria</span> Nº 6.473, DE 13 DE novembro DE 2025"," <span class='highlight' style='background:#FFA;'>Portaria</span> Nº 6.473, DE 13 DE novembro DE 2025 O SUPERINTENDENTE REGIONAL NO ESTADO DA PARAÍBA DO DEPARTAMENTO ... - art. 144, inciso XXIV, bem como da delegação de competência disposta no inciso IV do artigo 1º da <span class='highlight' style='background:#FFA;'>Portaria</span> ria Nº 6.473, DE 13 DE novembro DE 2025 O SUPERINTENDENTE REGIONAL ...",14/11/2025
Teste DOU,portaria,DOU - Seção 1,http://www.in.gov.br/web/dou/-/portaria-sdic/mdic-n-294-de-13-de-novembro-de-2025-668938592,"<span class='highlight' style='background:#FFA;'>Portaria</span> sdic/MDIC Nº 294, DE 13 DE novembro DE 2025"," <span class='highlight' style='background:#FFA;'>Portaria</span> sdic/MDIC Nº 294, DE 13 DE novembro DE 2025 Cancelamento de Habilitação ao Programa Mobilidade ... DESENVOLVIMENTO, INDÚSTRIA, COMÉRCIO E SERVIÇOS, o uso da atribuição que lhe foi conferida pelo art. 13 da <span class='highlight' style='background:#FFA;'>Portaria</span> ... SOROCABA INDÚSTRIA DE AUTOPEÇAS LTDA., inscrita no CNPJ sob o nº 29.726.259/0001-04, concedida por meio da <span class='highlight' style='background:#FFA;'>Portaria</span> ... Art. 3º Fica revogada a <span class='highlight' style='background:#FFA;'>Portaria</span> SDIC/MDIC nº 127, de 2024. ... Art. 4º Esta <span class='highlight' style='background:#FFA;'>Portaria</span> entra em vigor na data de sua publicação. UALLACE MOREIRA LIMA",14/11/2025
Teste DOU,portaria,DOU - Seção 1,http://www.in.gov.br/web/dou/-/resolucao-cnbio-n-7-de-7-de-novembro-de-2025-668938516,"RESOLUÇÃO CNBIO Nº 7, DE 7 de NOVEMBRO DE 2025","o Decreto nº 12.044, de 05 de junho de 2024, que institui a Estratégia Nacional de Bioeconomia, e a <span class='highlight' style='background:#FFA;'>Portaria</span> ... nº 10, de 23 de outubro de 2024, que institui a Comissão Nacional de Bioeconomia, e tendo em vista a <span class='highlight' style='background:#FFA;'>Portaria</span> ... rotas tecnológicas para produção de bioprodutos e bioprocessos para o biorrefino de pequeno e médio <span class='highlight' style='background:#FFA;'>porte</span> ... foco no desenvolvimento de biofábricas e biorrefinarias; l) Fomentar e apoiar negócios de diferentes <span class='highlight' style='background:#FFA;'>portes</span> ",14/11/2025
Teste DOU,portaria,DOU - Seção 1,http://www.in.gov.br/web/dou/-/pauta-de-julgamento-668938432,PAUTA DE JULGAMENTO,"transmitidos não atendam à duração e aos requisitos previstos, respectivamente, no art. 11, e no art. 12 da <span class='highlight' style='background:#FFA;'>Portaria</span> de julgamento dos recursos da 2ª Turma Ordinária da 4ª Câmara da 1ª Seção, em sessões síncronas presenciais ou híbridas a serem realizadas nas datas a seguir mencionadas, no Setor Comercial Sul, Quadra 01, Bloco J, Edifício Alv...",14/11/2025
Teste DOU,portaria,DOU - Seção 1,http://www.in.gov.br/web/dou/-/pauta-de-julgamento-668938358,PAUTA DE JULGAMENTO,"transmitidos não atendam à duração e aos requisitos previstos, respectivamente, no art. 11, e no art. 12 da <span class='highlight' style='background:#FFA;'>Portaria</span> ... para o julgamento dos itens da coluna ITENS REPETITIVOS da tabela, nos termos do § 3º do art. 87 da <span class='highlight' style='background:#FFA;'>Portaria</span> ta da Reunião 28/11/2025 Pauta ordinária de julgamento dos ...",14/11/2025
Teste DOU,portaria,DOU - Seção 1,http://www.in.gov.br/web/dou/-/despacho-n-3.364-de-13-de-novembro-de-2025-668938191,"DESPACHO Nº 3.364, DE 13 DE NOVEMBRO DE 2025","SERVIÇOS DE ENERGIA ELÉTRICA DA AGÊNCIA NACIONAL DE ENERGIA ELÉTRICA - ANEEL, nos termos do art. 3º da <span class='highlight' style='background:#FFA;'>Portaria</span> rt. 3º da Portaria nº 6.836, de 21 de junho de 2023, e considerando o que consta do Processo nº 48500.034487/2025-86, decide: Liberar a unidade geradora UG1 a UG13 de 110,00 kW cada, totalizando 1.430,00 kW de capacidade instalada da...",14/11/2025
Teste DOU,portaria,DOU - Seção 1,http://www.in.gov.br/web/dou/-/retificacao-668937982,Retificação,"Retificação Na <span class='highlight' style='background:#FFA;'>Portaria</span> GM/MS nº 8.680, de 6 de novembro de 2025, publicada no Diário Oficial da UniãoRetificação Na Portaria GM/MS nº 8.680, de 6 de novembro de 2025, publicada no Diário Oficial da União nº 213, de 7 de novembro de 2025, Seção 1, página 92: Onde se lê: Art. 4º A Secretaria-Executiva do Comitê será exercida pelo Departamento ...",14/11/2025
Teste DOU,portaria,DOU - Seção 1,http://www.in.gov.br/web/dou/-/pauta-de-julgamento-668937724,PAUTA DE JULGAMENTO,"transmitidos não atendam à duração e aos requisitos previstos, respectivamente, no art. 11, e no art. 12 da <span class='highlight' style='background:#FFA;'>Portaria</span> de julgamento dos recursos da 1ª Turma Ordinária da 1ª Câmara da 1ª Seção, em sessões síncronas presenciais ou híbridas a serem realizadas nas datas a seguir mencionadas, no Setor Comercial Sul, Quadra 01, Bloco J, Edifício Alv...",14/11/2025
Teste DOU,portaria,DOU - Seção 1,http://www.in.gov.br/web/dou/-/retificacao-668937402,Retificação,"Retificação "" Na <span class='highlight' style='background:#FFA;'>Portaria</span> nº 28, de 03 de abril de 2025, Seção 1, Anexo III, Página 21, Autorização nº ... ""Arqueólogos Coordenadores de Campo: Edenir Bagio Perin, Rodrigo Germano Fonseca e Daniel Réquia "" "" <span class='highlight' style='background:#FFA;'>Portaria</span> nº 28, de 03 de abril de 2025, Seção 1, Anexo III, Página 21, Autorizaçã...",14/11/2025
Teste DOU,portaria,DOU - Seção 1,http://www.in.gov.br/web/dou/-/portaria-sdic/mdic-n-295-de-13-de-novembro-de-2025-668937244,"<span class='highlight' style='background:#FFA;'>Portaria</span> sdic/MDIC Nº 295, DE 13 DE novembro DE 2025"," <span class='highlight' style='background:#FFA;'>Portaria</span> sdic/MDIC Nº 295, DE 13 DE novembro DE 2025 Habilitação ao Programa Mobilidade Verde e Inovação ... DESENVOLVIMENTO, INDÚSTRIA, COMÉRCIO E SERVIÇOS, no uso da atribuição que lhe foi conferida pelo art. 13 da <span class='highlight' style='background:#FFA;'>Portaria</span> ... Art. 4º Esta <span class='highlight' style='background:#FFA;'>Portaria</span> entra em vigor na data de sua publicação. UALLACE MOREIRA LIMA",14/11/2025
Teste DOU,portaria,DOU - Seção 1,http://www.in.gov.br/web/dou/-/pauta-de-julgamento-668937165,PAUTA DE JULGAMENTO,"sustentação oral pleiteada está condicionada ao cumprimento dos requisitos e prazos estabelecidos na <span class='highlight' style='background:#FFA;'>Portaria</span> s da 01ª Câmara Recursal a serem realizadas nas datas a seguir mencionadas. OBSERVAÇÕES: 1)Após a publicação da pauta de julgamento no DOU, você poderá enviar o vídeo / áudio contendo a sustentação oral ou arquivo de texto contendo mem...",14/11/2025
Teste DOU,portaria,DOU - Seção 1,http://www.in.gov.br/web/dou/-/ato-declaratorio-executivo-srrf08-n-103-de-10-de-novembro-de-2025-668937081,"ATO DECLARATÓRIO EXECUTIVO SRRF08 Nº 103, DE 10 DE NOVEMBRO DE 2025","ATO DECLARATÓRIO EXECUTIVO SRRF08 Nº 103, DE 10 DE NOVEMBRO DE 2025 Desalfandega o <span class='highlight' style='background:#FFA;'>Porto</span> Seco que menciona ... conferidas pelo Regimento Interno da Secretaria Especial da Receita Federal do Brasil, aprovado pela <span class='highlight' style='background:#FFA;'>Portaria</span> ... ME n° 284, de 27/07/2020, bem como no uso das atribuições que lhe conferem os artigos 31 e 35 da <span class='highlight' style='background:#FFA;'>Portaria</span> ... Fica DESALFANDEGADO o <span class='highlight' style='background:#FFA;'>Porto</span> Seco localizado na Estrada Assumpta Sabatini Rossi, 920 - parte - bairro ... RFB nº 143/2022 e no art. 17 da <span class='highlight' style='background:#FFA;'>Portaria</span> Coana nº 76, de 13 de maio de 2022.",14/11/2025
Teste DOU,portaria,DOU - Seção 1,http://www.in.gov.br/web/dou/-/deliberacao-n-1.227-de-23-de-outubro-de-2025-668936870,"DELIBERAÇÃO Nº 1.227, DE 23 DE OUTUBRO DE 2025","DELIBERAÇÃO Nº 1.227, DE 23 DE OUTUBRO DE 2025 Os Membros da Comissão Nacional de Segurança Pública nos <span class='highlight' style='background:#FFA;'>Portos</span> ... Internacional (CCA-IMO), perante o Ministério da Defesa/Marinha do Brasil, à Secretaria Nacional de <span class='highlight' style='background:#FFA;'>Portos</span> ... , à Secretaria Especial da Receita Federal do Brasil e à Comissão Estadual de Segurança Pública nos <span class='highlight' style='background:#FFA;'>Portos</span> ... ALVES DOS SANTOS JOÃO SIMÕES p/Ministério da Fazenda EDIGAR JUNIO DA SILVA MARTINS p/Ministério dos <span class='highlight' style='background:#FFA;'>Portos</span> ",14/11/2025
Teste DOU,portaria,DOU - Seção 1,http://www.in.gov.br/web/dou/-/retificacao-668936592,RETIFICAÇÃO,"RETIFICAÇÃO No art. 4º da <span class='highlight' style='background:#FFA;'>Portaria</span> nº 18.123/SIA, de 28 de outubro de 2025, publicada no Diário Oficial ... da União de 31 de outubro de 2025, Seção 1, página 122, onde se lê: ""Fica revogada a <span class='highlight' style='background:#FFA;'>Portaria</span> nº 12.736 ... "", leia-se: ""Fica revogada a <span class='highlight' style='background:#FFA;'>Portaria</span> nº 12.376/SIA, de 1º de setembro de 2023,..."".RETIFICAÇÃO No art. 4º da Portaria nº 18.123/SIA, de 28 de outubro de 2025, publicada no Diário Oficial da União de 31 de outubro de 2025, Seção 1, página 122, onde se lê: ""Fica revogada a Portaria nº 12.736/SIA, de 1º de setembro de 2023,..."", leia-se: ""Fica revogada a Portaria nº 12.376/SIA, de 1º de setembro de 2023,..."".",14/11/2025
Teste DOU,portaria,DOU - Seção 1,http://www.in.gov.br/web/dou/-/deliberacao-n-1.220-de-23-de-outubro-de-2025-668936062,"DELIBERAÇÃO Nº 1.220, DE 23 DE OUTUBRO DE 2025","DELIBERAÇÃO Nº 1.220, DE 23 DE OUTUBRO DE 2025 Os Membros da Comissão Nacional de Segurança Pública nos <span class='highlight' style='background:#FFA;'>Portos</span> ... de Risco (EAR), de que trata a Resolução nº 53, de 04 de setembro de 2020, da instalação portuária <span class='highlight' style='background:#FFA;'>PORTO</span> ... Oficial da União e os registros aplicáveis, informando a Comissão Estadual de Segurança Pública nos <span class='highlight' style='background:#FFA;'>Portos</span> ... ALVES DOS SANTOS JOÃO SIMÕES p/Ministério da Fazenda EDIGAR JUNIO DA SILVA MARTINS p/Ministério dos <span class='highlight' style='background:#FFA;'>Portos</span> ",14/11/2025
Teste DOU,portaria,DOU - Seção 1,http://www.in.gov.br/web/dou/-/despacho-sdl-anp-n-1.579-de-13-de-novembro-de-2025-668935642,"DESPACHO SDL-ANP Nº 1.579, DE 13 DE NOVEMBRO DE 2025","PETRÓLEO, GÁS NATURAL E BIOCOMBUSTÍVEIS - ANP, no uso das atribuições que lhe foram conferidas pela <span class='highlight' style='background:#FFA;'>Portaria</span> DESPACHO SDL-ANP Nº 1.579, DE 13 DE NOVEMBRO DE 2025 O SUPERINTENDENTE ADJUNTO DE DISTRIBUIÇÃO E LOGÍSTICA DA AGÊNCIA NACIONAL DO PETRÓLEO, GÁS NATURAL E BIOCOMBUSTÍVEIS - ANP, no uso das atribuições que lhe foram conferidas pela Portar...",14/11/2025
Teste DOU,portaria,DOU - Seção 1,http://www.in.gov.br/web/dou/-/portaria-suframa-n-2.253-de-12-de-novembro-de-2025-668934861,"<span class='highlight' style='background:#FFA;'>Portaria</span> SUFRAMA Nº 2.253, DE 12 DE novembro DE 2025"," <span class='highlight' style='background:#FFA;'>Portaria</span> SUFRAMA Nº 2.253, DE 12 DE novembro DE 2025 Aprova o projeto técnico-econômico industrial de ... insumos de origem estrangeira, utilizados na fabricação dos produtos a que se refere o Art. 1º desta <span class='highlight' style='background:#FFA;'>Portaria</span> ... legais cabíveis: I - o cumprimento, quando da fabricação do produto a que se refere o Art. 1º desta <span class='highlight' style='background:#FFA;'>Portaria</span> ... , do Processo Produtivo Básico definido pela <span class='highlight' style='background:#FFA;'>Portaria</span> Interministerial MDIC/MCTI nº 75, de 26 de setembro ... Art. 4º Esta <span class='highlight' style='background:#FFA;'>Portaria</span> entra em vigor na data de sua publicação. JOÃO BOSCO GOMES SARAIVA",14/11/2025
Teste DOU,portaria,DOU - Seção 1,http://www.in.gov.br/web/dou/-/pauta-de-julgamento-668934782,PAUTA DE JULGAMENTO,"transmitidos não atendam à duração e aos requisitos previstos, respectivamente, no art. 11, e no art. 12 da <span class='highlight' style='background:#FFA;'>Portaria</span> de julgamento dos recursos da 1ª Turma Ordinária da 2ª Câmara da 1ª Seção, em sessões síncronas não presenciais a serem realizadas na data a seguir mencionada. OBSERVAÇÕES: 1) Solicitações ou envios de sustentação oral e memori...",14/11/2025
Teste DOU,portaria,DOU - Seção 1,http://www.in.gov.br/web/dou/-/portaria-interministerial-ms/mdh-n-8.685-de-6-de-novembro-de-2025-668934381,"<span class='highlight' style='background:#FFA;'>Portaria</span> INTERMINISTERIAL MS/MDH Nº 8.685, DE 6 DE novembro DE 2025"," <span class='highlight' style='background:#FFA;'>Portaria</span> INTERMINISTERIAL MS/MDH Nº 8.685, DE 6 DE novembro DE 2025 Institui a Atenção Psicossocial a ... de Direitos Humanos, proferidos em face da República Federativa do Brasil. § 1º Para os fins desta <span class='highlight' style='background:#FFA;'>Portaria</span> ... Para os fins desta <span class='highlight' style='background:#FFA;'>Portaria</span> , a prioridade das vítimas deve ser entendida como o atendimento das suas ... demandas de saúde, nos termos desta <span class='highlight' style='background:#FFA;'>Portaria</span> , e de forma pactuada com os entes da federação envolvidos ... Esta <span class='highlight' style='background:#FFA;'>Portaria</span> entra em vigor na data de sua publicação.",14/11/2025
